{
    "accuracy": 0.991,
    "precision": 0.993963782696177,
    "recall": 0.988,
    "f1_score": 0.9909729187562688,
    "roc_auc": 0.999668
}